accepted,arm,cap_hit,cheirality_obs,final_cost,handover_outer,handover_reason,hit,hybrid_failures,hybrid_open,hybrid_products,hybrid_seconds,hybrid_sweeps,matvecs,median_reproj_px,native_seconds,outers,process_seconds,rejects,rep,scene,source,stage,stop_reason,target,target_seconds
193,champion,True,816,1656133.4705224184,,,False,,,,,,2845,0.528834,15.259628,193,16.80882689729333,2,0,final-3068,evidence/calibrate-large/final-3068-champion-0,calibrate-large,budget,,
166,champion,True,829,1654772.225074927,,,False,,,,,,3100,0.528921,15.221712,166,16.712478139903396,7,1,final-3068,evidence/calibrate-large/final-3068-champion-1,calibrate-large,budget,,
61,champion,False,762,1822256.9765069364,,,False,,,,,,271,0.553098,3.468242,61,4.828188386745751,11,2,final-3068,evidence/calibrate-large/final-3068-champion-2,calibrate-large,ftol,,
37,champion,True,180,7034575.076659548,,,False,,,,,,329,0.541344,15.087348,37,20.868122172076255,6,0,final-4585,evidence/calibrate-large/final-4585-champion-0,calibrate-large,budget,,
44,champion,True,180,7005780.804998056,,,False,,,,,,219,0.542315,15.094696,44,20.921291647013277,6,1,final-4585,evidence/calibrate-large/final-4585-champion-1,calibrate-large,budget,,
36,champion,True,181,6820881.801948147,,,False,,,,,,297,0.539872,15.024295,36,20.872310503851622,10,2,final-4585,evidence/calibrate-large/final-4585-champion-2,calibrate-large,budget,,
7,champion,False,0,360836.357478809,,,True,,,,,,53,0.659164,0.135039,7,0.7710448992438614,0,0,dubrovnik-88,evidence/collapse-diagnostic/dubrovnik-88-champion-0,collapse-diagnostic,target,362535.1656903924,0.13178921
7,champion,False,0,360836.3600090239,,,True,,,,,,53,0.659164,0.129693,7,0.7660696068778634,0,1,dubrovnik-88,evidence/collapse-diagnostic/dubrovnik-88-champion-1,collapse-diagnostic,target,362535.1656903924,0.126621807
7,champion,False,0,360836.3581414486,,,True,,,,,,53,0.659164,0.122769,7,0.7154787848703563,0,2,dubrovnik-88,evidence/collapse-diagnostic/dubrovnik-88-champion-2,collapse-diagnostic,target,362535.1656903924,0.119710925
6,menu_feedback,False,51,362144.1769424064,,,True,0,True,398,0.373971059,7,398,0.657547,0.439706,6,1.0675260950811207,1,0,dubrovnik-88,evidence/collapse-diagnostic/dubrovnik-88-menu_feedback-0,collapse-diagnostic,target,362535.1656903924,0.436760438
5,menu_feedback,False,7,361736.5760853589,,,True,0,True,391,0.363522025,5,391,0.656658,0.418326,5,1.0737789371050894,0,1,dubrovnik-88,evidence/collapse-diagnostic/dubrovnik-88-menu_feedback-1,collapse-diagnostic,target,362535.1656903924,0.415198238
5,menu_feedback,False,7,362111.7781012331,,,True,0,True,359,0.33069472,5,359,0.657122,0.391937,5,1.018232841975987,0,2,dubrovnik-88,evidence/collapse-diagnostic/dubrovnik-88-menu_feedback-2,collapse-diagnostic,target,362535.1656903924,0.388965377
8,champion,False,33,13674.1989767957,,,True,,,,,,79,0.388107,0.040061,8,0.5154755739495158,0,0,ladybug-49,evidence/collapse-diagnostic/ladybug-49-champion-0,collapse-diagnostic,target,13713.770267554755,0.039500888
8,champion,False,33,13674.1989767931,,,True,,,,,,79,0.388107,0.04658,8,0.4673626213334501,0,1,ladybug-49,evidence/collapse-diagnostic/ladybug-49-champion-1,collapse-diagnostic,target,13713.770267554755,0.040854718
8,champion,False,33,13674.1989767972,,,True,,,,,,79,0.388107,0.040556,8,0.46566378232091665,0,2,ladybug-49,evidence/collapse-diagnostic/ladybug-49-champion-2,collapse-diagnostic,target,13713.770267554755,0.039991398
13,menu_feedback,False,37,13686.4309706391,13,collapse,True,0,False,462,0.101611829,13,462,0.388116,0.13359,13,0.5659195468761027,0,0,ladybug-49,evidence/collapse-diagnostic/ladybug-49-menu_feedback-0,collapse-diagnostic,target,13713.770267554755,0.132911111
13,menu_feedback,False,31,13686.4339579428,13,collapse,True,0,False,462,0.099676849,13,462,0.388177,0.136122,13,0.5656353668309748,0,1,ladybug-49,evidence/collapse-diagnostic/ladybug-49-menu_feedback-1,collapse-diagnostic,target,13713.770267554755,0.130053729
14,menu_feedback,False,31,13694.819721949,,,True,0,True,514,0.10698899,14,514,0.387799,0.145659,14,0.5656368467025459,0,2,ladybug-49,evidence/collapse-diagnostic/ladybug-49-menu_feedback-2,collapse-diagnostic,target,13713.770267554755,0.139692633
35,champion,False,11,248730.0118342219,,,True,,,,,,118,0.366921,0.410022,35,1.0665607531554997,1,0,venice-52,evidence/collapse-diagnostic/venice-52-champion-0,collapse-diagnostic,target,248785.17234380785,0.407075625
35,champion,False,11,248730.0373194177,,,True,,,,,,118,0.36692,0.403444,35,1.016686551272869,1,1,venice-52,evidence/collapse-diagnostic/venice-52-champion-1,collapse-diagnostic,target,248785.17234380785,0.400414281
35,champion,False,11,248729.9988139486,,,True,,,,,,118,0.36692,0.402867,35,1.0172060909681022,1,2,venice-52,evidence/collapse-diagnostic/venice-52-champion-2,collapse-diagnostic,target,248785.17234380785,0.399836391
91,menu_feedback,False,6,248745.3159471765,,,True,0,True,6994,6.45934741,94,6994,0.361351,7.116577,91,7.785092571750283,3,0,venice-52,evidence/collapse-diagnostic/venice-52-menu_feedback-0,collapse-diagnostic,target,248785.17234380785,7.112954846
77,menu_feedback,False,6,248743.8398918416,,,True,0,True,5789,5.39222919,79,5789,0.361351,5.9625,77,6.5809098850004375,2,1,venice-52,evidence/collapse-diagnostic/venice-52-menu_feedback-1,collapse-diagnostic,target,248785.17234380785,5.959571703
31,menu_feedback,False,0,248740.9870385209,,,True,1,True,2263,2.12460999,32,2266,0.358312,2.37906,31,3.0231281206943095,0,2,venice-52,evidence/collapse-diagnostic/venice-52-menu_feedback-2,collapse-diagnostic,target,248785.17234380785,2.376132318
20,menu_feedback,False,33,13581.0273976193,13,collapse,False,0,False,453,0.097949004,13,593,0.387517,0.162424,20,0.6157438294030726,0,0,ladybug-49,evidence/handover-smoke/ladybug-49-menu_feedback-0,handover-smoke,other_or_outer_cap,,
20,menu_feedback,False,51,13607.9671698025,15,collapse,False,0,False,519,0.108492006,15,729,0.387086,0.200056,20,0.6159199899993837,1,1,ladybug-49,evidence/handover-smoke/ladybug-49-menu_feedback-1,handover-smoke,other_or_outer_cap,,
20,menu_feedback,False,33,13580.9954635123,13,collapse,False,0,False,462,0.086750628,13,599,0.387412,0.144671,20,0.565950496122241,0,2,ladybug-49,evidence/handover-smoke/ladybug-49-menu_feedback-2,handover-smoke,other_or_outer_cap,,
69,champion,False,763,1820941.2563658021,,,False,,,,,,299,0.552467,3.950981,69,5.379054164048284,12,0,final-3068,evidence/large/final-3068-champion-0,large,ftol,1672694.8052276426,
95,champion,False,795,1671474.480217179,,,True,,,,,,1033,0.532723,6.905849,95,8.2846250096336,8,1,final-3068,evidence/large/final-3068-champion-1,large,target,1672694.8052276426,6.897779159
45,champion,False,761,1878631.7912482475,,,False,,,,,,175,0.5605,2.713313,45,4.1238368432968855,14,2,final-3068,evidence/large/final-3068-champion-2,large,ftol,1672694.8052276426,
82,champion,False,838,1671823.275399963,,,True,,,,,,1107,0.532856,6.557496,82,7.9828796912916005,4,3,final-3068,evidence/large/final-3068-champion-3,large,target,1672694.8052276426,6.549442011
60,champion,False,760,1888351.6353647723,,,False,,,,,,229,0.561897,3.724477,60,5.227261150721461,20,4,final-3068,evidence/large/final-3068-champion-4,large,ftol,1672694.8052276426,
76,champion,False,768,1672623.9064307355,,,True,,,,,,1034,0.533264,5.988284,76,7.382301619276404,7,5,final-3068,evidence/large/final-3068-champion-5,large,target,1672694.8052276426,5.973931759
116,champion,False,787,1671463.446057961,,,True,,,,,,1236,0.532597,8.146326,116,9.537843746133149,2,6,final-3068,evidence/large/final-3068-champion-6,large,target,1672694.8052276426,8.138115502
109,champion,False,841,1672229.0924351707,,,True,,,,,,1170,0.532619,7.442552,109,8.836107878014445,6,7,final-3068,evidence/large/final-3068-champion-7,large,target,1672694.8052276426,7.434500872
98,champion,False,788,1671912.3706725053,,,True,,,,,,1224,0.532569,7.468966,98,8.936390012968332,10,8,final-3068,evidence/large/final-3068-champion-8,large,target,1672694.8052276426,7.460914644
77,champion,False,757,1861894.7737372355,,,False,,,,,,265,0.559412,4.658621,77,6.080099247861654,18,9,final-3068,evidence/large/final-3068-champion-9,large,ftol,1672694.8052276426,
192,menu_feedback,True,826,1674580.0719601405,8,opening_cap,False,0,False,761,2.30041394,9,2544,0.532487,15.31428,192,16.706473337020725,17,0,final-3068,evidence/large/final-3068-menu_feedback-0,large,budget,1672694.8052276426,
33,menu_feedback,False,763,1842672.8589886113,8,opening_cap,False,0,False,421,1.32238261,8,524,0.553774,3.195205,33,4.625886328984052,20,1,final-3068,evidence/large/final-3068-menu_feedback-1,large,ftol,1672694.8052276426,
52,menu_feedback,False,757,1809749.861305755,8,opening_cap,False,0,False,761,2.30024213,9,916,0.549483,5.213043,52,6.630812576971948,11,2,final-3068,evidence/large/final-3068-menu_feedback-2,large,ftol,1672694.8052276426,
90,menu_feedback,False,776,1830980.6241746922,8,opening_cap,False,0,False,510,1.57886791,8,774,0.553441,6.859989,90,8.286101268138736,21,3,final-3068,evidence/large/final-3068-menu_feedback-3,large,ftol,1672694.8052276426,
108,menu_feedback,False,830,1672086.8708247668,8,opening_cap,True,0,False,510,1.5739485,8,1492,0.533104,8.288881,108,9.736641337163746,11,4,final-3068,evidence/large/final-3068-menu_feedback-4,large,target,1672694.8052276426,8.280512476
52,menu_feedback,False,774,1849295.275826326,8,opening_cap,False,0,False,510,1.57450354,8,641,0.556063,4.094338,52,5.482934226747602,10,5,final-3068,evidence/large/final-3068-menu_feedback-5,large,ftol,1672694.8052276426,
106,menu_feedback,False,797,1672469.8847920387,8,opening_cap,True,0,False,510,1.57253253,8,1480,0.53322,8.376712,106,9.842249614652246,7,6,final-3068,evidence/large/final-3068-menu_feedback-6,large,target,1672694.8052276426,8.368612706
175,menu_feedback,False,797,1672231.8397342085,8,opening_cap,True,0,False,761,2.29581116,9,2747,0.532137,14.682065,175,16.05512428190559,14,7,final-3068,evidence/large/final-3068-menu_feedback-7,large,target,1672694.8052276426,14.673924946
139,menu_feedback,True,817,1672771.1688980293,8,opening_cap,False,0,False,761,2.30115417,9,3499,0.531368,15.34175,139,16.707439728081226,8,8,final-3068,evidence/large/final-3068-menu_feedback-8,large,budget,1672694.8052276426,
61,menu_feedback,False,774,1805818.425275878,8,opening_cap,False,0,False,510,1.60465944,8,700,0.549904,4.904902,61,6.3806050340645015,15,9,final-3068,evidence/large/final-3068-menu_feedback-9,large,ftol,1672694.8052276426,
21,champion,False,180,7064094.59333941,,,True,,,,,,136,0.541309,7.027333,21,12.949956234078854,1,0,final-4585,evidence/large/final-4585-champion-0,large,target,7075838.613048037,7.006740458
18,champion,False,180,7075344.418937407,,,True,,,,,,134,0.543033,6.404693,18,12.297904348932207,2,1,final-4585,evidence/large/final-4585-champion-1,large,target,7075838.613048037,6.384150416
16,champion,False,180,6912864.206830652,,,True,,,,,,106,0.542377,5.350195,16,11.195648917928338,1,2,final-4585,evidence/large/final-4585-champion-2,large,target,7075838.613048037,5.329628317
22,champion,False,180,7075430.277742561,,,True,,,,,,117,0.541172,7.26766,22,13.196136115584522,2,3,final-4585,evidence/large/final-4585-champion-3,large,target,7075838.613048037,7.247091858
18,champion,False,179,7066407.718889762,,,True,,,,,,107,0.540711,5.873913,18,11.896976126357913,1,4,final-4585,evidence/large/final-4585-champion-4,large,target,7075838.613048037,5.853130675
24,champion,False,180,7049868.476477679,,,True,,,,,,163,0.543419,8.273409,24,14.103075676597655,1,5,final-4585,evidence/large/final-4585-champion-5,large,target,7075838.613048037,8.252871683
22,champion,False,179,7070250.433834267,,,True,,,,,,155,0.54083,8.179201,22,14.002501181326807,5,6,final-4585,evidence/large/final-4585-champion-6,large,target,7075838.613048037,8.158660031
18,champion,False,180,7050851.061338304,,,True,,,,,,120,0.543072,6.095606,18,11.895995495840907,1,7,final-4585,evidence/large/final-4585-champion-7,large,target,7075838.613048037,6.075036966
21,champion,False,180,7058039.336123234,,,True,,,,,,111,0.538923,6.707419,21,12.64850420691073,1,8,final-4585,evidence/large/final-4585-champion-8,large,target,7075838.613048037,6.686870203
22,champion,False,180,7074857.80394865,,,True,,,,,,142,0.540555,7.618048,22,13.451567442156374,2,9,final-4585,evidence/large/final-4585-champion-9,large,target,7075838.613048037,7.597454016
38,menu_feedback,True,181,7143176.382970613,8,opening_cap,False,0,False,194,3.5400418,8,282,0.535085,15.085867,38,20.971295531839132,4,0,final-4585,evidence/large/final-4585-menu_feedback-0,large,budget,7075838.613048037,
46,menu_feedback,True,199,7254757.323416815,8,opening_cap,False,0,False,125,2.49378143,8,219,0.54398,15.167066,46,21.02445755666122,0,1,final-4585,evidence/large/final-4585-menu_feedback-1,large,budget,7075838.613048037,
43,menu_feedback,True,184,7256849.330022933,8,opening_cap,False,0,False,125,2.49406764,8,231,0.543708,15.152437,43,20.972742164041847,3,2,final-4585,evidence/large/final-4585-menu_feedback-2,large,budget,7075838.613048037,
17,menu_feedback,False,201,7072882.480634864,8,opening_cap,True,0,False,255,4.46350016,8,314,0.540261,8.998739,17,14.854938108008355,0,3,final-4585,evidence/large/final-4585-menu_feedback-3,large,target,7075838.613048037,8.975015571
40,menu_feedback,False,187,6913084.189256988,8,opening_cap,True,0,False,125,2.49505269,8,218,0.543762,14.157108,40,20.012187216896564,4,4,final-4585,evidence/large/final-4585-menu_feedback-4,large,target,7075838.613048037,14.113800042
42,menu_feedback,True,189,7190280.21452812,8,opening_cap,False,0,False,125,2.49895883,8,217,0.545725,15.149278,42,21.07205716893077,5,5,final-4585,evidence/large/final-4585-menu_feedback-5,large,budget,7075838.613048037,
42,menu_feedback,True,184,7329646.390250713,8,opening_cap,False,0,False,125,2.49360696,8,217,0.547732,15.157924,42,20.920170709025115,5,6,final-4585,evidence/large/final-4585-menu_feedback-6,large,budget,7075838.613048037,
42,menu_feedback,True,184,7223441.090923321,8,opening_cap,False,0,False,125,2.5033274,8,245,0.538159,15.37439,42,21.120336419902742,3,7,final-4585,evidence/large/final-4585-menu_feedback-7,large,budget,7075838.613048037,
43,menu_feedback,True,177,7225464.703973823,8,opening_cap,False,0,False,125,2.49253974,8,216,0.540805,15.278102,43,21.071257417090237,4,8,final-4585,evidence/large/final-4585-menu_feedback-8,large,budget,7075838.613048037,
37,menu_feedback,True,199,7122894.15130514,8,opening_cap,False,0,False,255,4.46292531,8,362,0.536762,15.079612,37,20.873557158280164,0,9,final-4585,evidence/large/final-4585-menu_feedback-9,large,budget,7075838.613048037,
8,champion,False,13,359915.2159943843,,,False,,,,,,73,0.656468,0.145456,8,0.7661779611371458,0,0,dubrovnik-88,evidence/new-parity/dubrovnik-88-champion-0,new-parity,other_or_outer_cap,,
8,champion,False,13,359913.3026505314,,,False,,,,,,73,0.656463,0.143925,8,0.7664624312892556,0,1,dubrovnik-88,evidence/new-parity/dubrovnik-88-champion-1,new-parity,other_or_outer_cap,,
8,champion,False,13,359914.1066700974,,,False,,,,,,73,0.656467,0.165175,8,0.7660781806334853,0,2,dubrovnik-88,evidence/new-parity/dubrovnik-88-champion-2,new-parity,other_or_outer_cap,,
8,champion,False,33,13674.1989771969,,,False,,,,,,79,0.388107,0.04571,8,0.41538398107513785,0,0,ladybug-49,evidence/new-parity/ladybug-49-champion-0,new-parity,other_or_outer_cap,,
8,champion,False,33,13674.1989767971,,,False,,,,,,79,0.388107,0.039924,8,0.41540362080559134,0,1,ladybug-49,evidence/new-parity/ladybug-49-champion-1,new-parity,other_or_outer_cap,,
8,champion,False,33,13674.1989767991,,,False,,,,,,79,0.388107,0.040025,8,0.4650836349464953,0,2,ladybug-49,evidence/new-parity/ladybug-49-champion-2,new-parity,other_or_outer_cap,,
8,champion,False,2,285659.1148541041,,,False,,,,,,62,0.390647,0.145356,8,0.7161984560079873,1,0,venice-52,evidence/new-parity/venice-52-champion-0,new-parity,other_or_outer_cap,,
8,champion,False,2,285659.116448309,,,False,,,,,,62,0.390646,0.152801,8,0.7662019208073616,1,1,venice-52,evidence/new-parity/venice-52-champion-1,new-parity,other_or_outer_cap,,
8,champion,False,2,285659.2017252191,,,False,,,,,,62,0.390644,0.168417,8,0.7663795310072601,1,2,venice-52,evidence/new-parity/venice-52-champion-2,new-parity,other_or_outer_cap,,
8,champion,False,13,359914.4134730106,,,False,,,,,,73,0.656469,0.158304,8,0.7668834212236106,0,0,dubrovnik-88,evidence/original-parity/dubrovnik-88-champion-0,original-parity,other_or_outer_cap,,
8,champion,False,13,359914.1889644458,,,False,,,,,,73,0.656467,0.166787,8,0.7660349910147488,0,1,dubrovnik-88,evidence/original-parity/dubrovnik-88-champion-1,original-parity,other_or_outer_cap,,
8,champion,False,13,359914.4259400181,,,False,,,,,,73,0.656467,0.143659,8,0.766309941187501,0,2,dubrovnik-88,evidence/original-parity/dubrovnik-88-champion-2,original-parity,other_or_outer_cap,,
8,champion,False,33,13674.1989768014,,,False,,,,,,79,0.388107,0.040382,8,0.4657799359411001,0,0,ladybug-49,evidence/original-parity/ladybug-49-champion-0,original-parity,other_or_outer_cap,,
8,champion,False,33,13674.1989771963,,,False,,,,,,79,0.388107,0.041426,8,0.46554385498166084,0,1,ladybug-49,evidence/original-parity/ladybug-49-champion-1,original-parity,other_or_outer_cap,,
8,champion,False,33,13674.1989767927,,,False,,,,,,79,0.388107,0.039614,8,0.41542531037703156,0,2,ladybug-49,evidence/original-parity/ladybug-49-champion-2,original-parity,other_or_outer_cap,,
8,champion,False,2,285659.1154891513,,,False,,,,,,62,0.390647,0.14501,8,0.7660492206923664,1,0,venice-52,evidence/original-parity/venice-52-champion-0,original-parity,other_or_outer_cap,,
8,champion,False,2,285659.1167636371,,,False,,,,,,62,0.390646,0.148248,8,0.76622006110847,1,1,venice-52,evidence/original-parity/venice-52-champion-1,original-parity,other_or_outer_cap,,
8,champion,False,2,285659.214167652,,,False,,,,,,62,0.390645,0.145056,8,0.715951066929847,1,2,venice-52,evidence/original-parity/venice-52-champion-2,original-parity,other_or_outer_cap,,
7,champion,False,0,360836.3600003629,,,True,,,,,,53,0.659164,0.128669,7,0.7158002560026944,0,0,dubrovnik-88,evidence/small/dubrovnik-88-champion-0,small,target,362535.1656903924,0.125669141
7,champion,False,0,360836.3603079314,,,True,,,,,,53,0.659164,0.120179,7,0.7154169860295951,0,1,dubrovnik-88,evidence/small/dubrovnik-88-champion-1,small,target,362535.1656903924,0.116716827
7,champion,False,0,360836.3599224913,,,True,,,,,,53,0.659164,0.11926,7,0.766390360891819,0,2,dubrovnik-88,evidence/small/dubrovnik-88-champion-2,small,target,362535.1656903924,0.116250136
7,champion,False,0,360836.3602247264,,,True,,,,,,53,0.659164,0.119842,7,0.7174153560772538,0,3,dubrovnik-88,evidence/small/dubrovnik-88-champion-3,small,target,362535.1656903924,0.116816993
7,champion,False,0,360836.3601455857,,,True,,,,,,53,0.659164,0.119169,7,0.71617864491418,0,4,dubrovnik-88,evidence/small/dubrovnik-88-champion-4,small,target,362535.1656903924,0.116161263
7,champion,False,0,360836.3578487791,,,True,,,,,,53,0.659164,0.12168,7,0.715979334898293,0,5,dubrovnik-88,evidence/small/dubrovnik-88-champion-5,small,target,362535.1656903924,0.118675983
7,champion,False,0,360836.3565732916,,,True,,,,,,53,0.659164,0.119102,7,0.7156254253350198,0,6,dubrovnik-88,evidence/small/dubrovnik-88-champion-6,small,target,362535.1656903924,0.116072403
7,champion,False,0,360836.3598825858,,,True,,,,,,53,0.659164,0.122696,7,0.715691243764013,0,7,dubrovnik-88,evidence/small/dubrovnik-88-champion-7,small,target,362535.1656903924,0.119711664
7,champion,False,0,360836.3599328596,,,True,,,,,,53,0.659164,0.11929,7,0.7158526349812746,0,8,dubrovnik-88,evidence/small/dubrovnik-88-champion-8,small,target,362535.1656903924,0.116292473
7,champion,False,0,360836.3558780955,,,True,,,,,,53,0.659164,0.120399,7,0.7161994040943682,0,9,dubrovnik-88,evidence/small/dubrovnik-88-champion-9,small,target,362535.1656903924,0.117368164
5,menu_feedback,False,7,362508.8175195785,,,True,0,True,347,0.320203275,5,347,0.655545,0.373025,5,0.9664607578888535,0,0,dubrovnik-88,evidence/small/dubrovnik-88-menu_feedback-0,small,target,362535.1656903924,0.370037019
6,menu_feedback,False,7,359609.5148576843,,,True,0,True,465,0.419270164,6,465,0.654811,0.479265,6,1.0666751260869205,0,1,dubrovnik-88,evidence/small/dubrovnik-88-menu_feedback-1,small,target,362535.1656903924,0.47629128
6,menu_feedback,False,51,362060.8946412662,,,True,0,True,401,0.371438869,7,401,0.657364,0.454669,6,1.0671368460170925,1,2,dubrovnik-88,evidence/small/dubrovnik-88-menu_feedback-2,small,target,362535.1656903924,0.434959471
6,menu_feedback,False,7,359592.5723044425,,,True,0,True,468,0.429982764,6,468,0.654819,0.492382,6,1.3175891968421638,0,3,dubrovnik-88,evidence/small/dubrovnik-88-menu_feedback-3,small,target,362535.1656903924,0.489434702
5,menu_feedback,False,7,361735.7877761148,,,True,0,True,391,0.3539773,5,391,0.656488,0.40665,5,1.0664729438722134,0,4,dubrovnik-88,evidence/small/dubrovnik-88-menu_feedback-4,small,target,362535.1656903924,0.403640823
6,menu_feedback,False,7,359608.2775531777,,,True,0,True,465,0.416391258,6,465,0.654801,0.475557,6,1.0667092138901353,0,5,dubrovnik-88,evidence/small/dubrovnik-88-menu_feedback-5,small,target,362535.1656903924,0.472581814
5,menu_feedback,False,7,362073.4486877927,,,True,0,True,357,0.326206757,5,357,0.655451,0.378552,5,0.966737219132483,0,6,dubrovnik-88,evidence/small/dubrovnik-88-menu_feedback-6,small,target,362535.1656903924,0.37559509
6,menu_feedback,False,51,362143.5610125808,,,True,0,True,398,0.365190777,7,398,0.657546,0.42995,6,1.0166286900639534,1,7,dubrovnik-88,evidence/small/dubrovnik-88-menu_feedback-7,small,target,362535.1656903924,0.427031354
5,menu_feedback,False,7,362123.9327340616,,,True,0,True,356,0.325937198,5,356,0.656982,0.378446,5,0.9667737479321659,0,8,dubrovnik-88,evidence/small/dubrovnik-88-menu_feedback-8,small,target,362535.1656903924,0.37551544
5,menu_feedback,False,7,362276.8433521315,,,True,0,True,352,0.322857788,5,352,0.655442,0.375633,5,0.9667297592386603,0,9,dubrovnik-88,evidence/small/dubrovnik-88-menu_feedback-9,small,target,362535.1656903924,0.372674519
54,shared_center,False,0,364417.0544585425,8,opening_cap,False,0,False,400,0.35299283,8,557,0.661978,0.926117,54,1.51782446494326,1,0,dubrovnik-88,evidence/small/dubrovnik-88-shared_center-0,small,ftol,362535.1656903924,
51,shared_center,False,0,364443.4934530834,8,opening_cap,False,0,False,399,0.354558201,8,545,0.66214,0.967104,51,1.5672180280089378,1,1,dubrovnik-88,evidence/small/dubrovnik-88-shared_center-1,small,ftol,362535.1656903924,
54,shared_center,False,0,364417.3347377099,8,opening_cap,False,0,False,399,0.356018622,8,556,0.661965,0.929975,54,1.518645505886525,1,2,dubrovnik-88,evidence/small/dubrovnik-88-shared_center-2,small,ftol,362535.1656903924,
8,shared_menu,False,13,361444.2818195267,8,opening_cap,True,0,False,295,0.28719356,8,295,0.656842,0.365426,8,0.9662788473069668,0,0,dubrovnik-88,evidence/small/dubrovnik-88-shared_menu-0,small,target,362535.1656903924,0.362433065
8,shared_menu,False,13,361444.6579425755,8,opening_cap,True,0,False,295,0.286636749,8,295,0.656826,0.364929,8,0.966364657972008,0,1,dubrovnik-88,evidence/small/dubrovnik-88-shared_menu-1,small,target,362535.1656903924,0.361977375
8,shared_menu,False,13,361444.4844993768,8,opening_cap,True,0,False,295,0.287237698,8,295,0.656835,0.365464,8,1.0167467729188502,0,2,dubrovnik-88,evidence/small/dubrovnik-88-shared_menu-2,small,target,362535.1656903924,0.362475305
8,champion,False,33,13674.1989767988,,,True,,,,,,79,0.388107,0.038963,8,0.4649867247790098,0,0,ladybug-49,evidence/small/ladybug-49-champion-0,small,target,13713.770267554755,0.038420368
8,champion,False,33,13674.1989768065,,,True,,,,,,79,0.388107,0.037891,8,0.41505313105881214,0,1,ladybug-49,evidence/small/ladybug-49-champion-1,small,target,13713.770267554755,0.037355719
8,champion,False,33,13674.1989767943,,,True,,,,,,79,0.388107,0.037645,8,0.4154161410406232,0,2,ladybug-49,evidence/small/ladybug-49-champion-2,small,target,13713.770267554755,0.037074449
13,menu_feedback,False,33,13699.0631818057,8,opening_cap,True,0,False,209,0.058650921,8,346,0.388532,0.116296,13,0.5653671030886471,0,0,ladybug-49,evidence/small/ladybug-49-menu_feedback-0,small,target,13713.770267554755,0.115602116
13,menu_feedback,False,33,13699.1152214695,8,opening_cap,True,0,False,209,0.054503249,8,346,0.388529,0.118028,13,0.6162490979768336,0,1,ladybug-49,evidence/small/ladybug-49-menu_feedback-1,small,target,13713.770267554755,0.117344376
13,menu_feedback,False,33,13699.1744648236,8,opening_cap,True,0,False,209,0.054620516,8,346,0.388532,0.107696,13,0.5162375899963081,0,2,ladybug-49,evidence/small/ladybug-49-menu_feedback-2,small,target,13713.770267554755,0.106908332
9,shared_center,False,33,13700.9325551653,8,opening_cap,True,0,False,288,0.060424659,9,304,0.388675,0.088432,9,0.5153261292725801,1,0,ladybug-49,evidence/small/ladybug-49-shared_center-0,small,target,13713.770267554755,0.087795872
9,shared_center,False,33,13700.9250626748,8,opening_cap,True,0,False,288,0.066490623,9,304,0.388656,0.096163,9,0.5154457101598382,1,1,ladybug-49,evidence/small/ladybug-49-shared_center-1,small,target,13713.770267554755,0.095493286
9,shared_center,False,33,13700.9128256424,8,opening_cap,True,0,False,288,0.060255542,9,304,0.388651,0.088421,9,0.465570455417037,1,2,ladybug-49,evidence/small/ladybug-49-shared_center-2,small,target,13713.770267554755,0.087760203
15,shared_menu,False,33,13696.7114526653,8,opening_cap,True,0,False,280,0.061597039,8,525,0.38836,0.134713,15,0.5654966835863888,1,0,ladybug-49,evidence/small/ladybug-49-shared_menu-0,small,target,13713.770267554755,0.134021035
16,shared_menu,False,33,13709.2293972232,8,opening_cap,True,0,False,270,0.067414914,8,512,0.388334,0.149154,16,0.5657414738088846,0,1,ladybug-49,evidence/small/ladybug-49-shared_menu-1,small,target,13713.770267554755,0.148449622
16,shared_menu,False,33,13703.6641352226,8,opening_cap,True,0,False,266,0.062625671,8,540,0.388077,0.143843,16,0.5155934491194785,1,2,ladybug-49,evidence/small/ladybug-49-shared_menu-2,small,target,13713.770267554755,0.143152039
35,champion,False,11,248729.9471950048,,,True,,,,,,118,0.366921,0.404539,35,0.9678623182699084,1,0,venice-52,evidence/small/venice-52-champion-0,small,target,248785.17234380785,0.401633885
35,champion,False,11,248729.9728118627,,,True,,,,,,118,0.366921,0.402611,35,0.966473207809031,1,1,venice-52,evidence/small/venice-52-champion-1,small,target,248785.17234380785,0.399692774
35,champion,False,11,248730.0189562806,,,True,,,,,,118,0.366921,0.407054,35,1.0176263321191072,1,2,venice-52,evidence/small/venice-52-champion-2,small,target,248785.17234380785,0.404165006
35,champion,False,11,248729.9826472932,,,True,,,,,,118,0.36692,0.403,35,1.0171984117478132,1,3,venice-52,evidence/small/venice-52-champion-3,small,target,248785.17234380785,0.400101932
35,champion,False,11,248729.9935151117,,,True,,,,,,118,0.366921,0.403513,35,1.0171995908021927,1,4,venice-52,evidence/small/venice-52-champion-4,small,target,248785.17234380785,0.400591562
35,champion,False,11,248729.9685980733,,,True,,,,,,118,0.366921,0.403344,35,0.9668963276781142,1,5,venice-52,evidence/small/venice-52-champion-5,small,target,248785.17234380785,0.400290401
35,champion,False,11,248729.9497777769,,,True,,,,,,118,0.366921,0.403481,35,0.9669960187748075,1,6,venice-52,evidence/small/venice-52-champion-6,small,target,248785.17234380785,0.400577761
35,champion,False,11,248729.9635162612,,,True,,,,,,118,0.366921,0.403176,35,0.9667260781861842,1,7,venice-52,evidence/small/venice-52-champion-7,small,target,248785.17234380785,0.400218141
35,champion,False,11,248730.0026815897,,,True,,,,,,118,0.366921,0.403781,35,0.9666214077733457,1,8,venice-52,evidence/small/venice-52-champion-8,small,target,248785.17234380785,0.400833292
35,champion,False,11,248729.9768246875,,,True,,,,,,118,0.36692,0.403575,35,1.0169099010527134,1,9,venice-52,evidence/small/venice-52-champion-9,small,target,248785.17234380785,0.400622291
311,menu_feedback,False,14,255524.2495726778,8,opening_cap,False,0,False,692,0.658994329,8,2177,0.372422,4.463851,311,5.028090615291148,37,0,venice-52,evidence/small/venice-52-menu_feedback-0,small,ftol,248785.17234380785,
61,menu_feedback,False,22,256869.3963950557,8,opening_cap,False,0,False,692,0.655305158,8,841,0.376664,1.28886,61,1.8687729751691222,0,1,venice-52,evidence/small/venice-52-menu_feedback-1,small,ftol,248785.17234380785,
86,menu_feedback,False,16,255108.5602808107,8,opening_cap,False,0,False,685,0.651220824,8,950,0.372421,1.565808,86,2.1704249498434365,4,2,venice-52,evidence/small/venice-52-menu_feedback-2,small,ftol,248785.17234380785,
61,menu_feedback,False,22,256864.8217797533,8,opening_cap,False,0,False,692,0.651509675,8,841,0.376671,1.295374,61,1.8690031678415835,0,3,venice-52,evidence/small/venice-52-menu_feedback-3,small,ftol,248785.17234380785,
304,menu_feedback,False,8,255472.015028198,8,opening_cap,False,0,False,692,0.654716577,8,1851,0.372247,4.103897,304,4.727537804283202,36,4,venice-52,evidence/small/venice-52-menu_feedback-4,small,ftol,248785.17234380785,
172,menu_feedback,False,14,255466.828518695,8,opening_cap,False,0,False,692,0.654924487,8,1256,0.372195,2.52211,172,3.1225492861121893,2,5,venice-52,evidence/small/venice-52-menu_feedback-5,small,ftol,248785.17234380785,
36,menu_feedback,False,6,246439.8632232157,8,opening_cap,True,0,False,686,0.649406626,8,808,0.365612,1.096305,36,1.718220328912139,0,6,venice-52,evidence/small/venice-52-menu_feedback-6,small,target,248785.17234380785,1.093378036
121,menu_feedback,False,12,255303.0168211781,8,opening_cap,False,0,False,692,0.655390846,8,1321,0.371567,2.186199,121,2.82167912973091,1,7,venice-52,evidence/small/venice-52-menu_feedback-7,small,ftol,248785.17234380785,
61,menu_feedback,False,22,256871.0265642188,8,opening_cap,False,0,False,692,0.654841907,8,841,0.376683,1.288487,61,1.8692960878834128,0,8,venice-52,evidence/small/venice-52-menu_feedback-8,small,ftol,248785.17234380785,
68,menu_feedback,False,18,258404.5680794195,8,opening_cap,False,0,False,692,0.655192829,8,852,0.386282,1.358561,68,1.9693124131299555,3,9,venice-52,evidence/small/venice-52-menu_feedback-9,small,ftol,248785.17234380785,
33,shared_center,False,14,248691.4632406629,8,opening_cap,True,0,False,668,0.620972878,8,746,0.375198,0.987244,33,1.5684396903961897,1,0,venice-52,evidence/small/venice-52-shared_center-0,small,target,248785.17234380785,0.984413077
34,shared_center,False,14,248663.9966560532,8,opening_cap,True,0,False,687,0.641217381,8,765,0.375157,0.99124,34,1.5681084590032697,0,1,venice-52,evidence/small/venice-52-shared_center-1,small,target,248785.17234380785,0.988421728
33,shared_center,False,14,248693.4079440466,8,opening_cap,True,0,False,666,0.61746781,8,744,0.375196,0.960654,33,1.6187843228690326,1,2,venice-52,evidence/small/venice-52-shared_center-2,small,target,248785.17234380785,0.957749913
266,shared_menu,False,24,260735.9938402191,8,opening_cap,False,0,False,668,0.637105716,8,1358,0.375199,3.326888,266,3.9250628198496997,10,0,venice-52,evidence/small/venice-52-shared_menu-0,small,ftol,248785.17234380785,
278,shared_menu,False,18,260740.7642046383,8,opening_cap,False,0,False,668,0.653046486,8,1550,0.375201,3.645858,278,4.2227916843257844,8,1,venice-52,evidence/small/venice-52-shared_menu-1,small,ftol,248785.17234380785,
148,shared_menu,False,28,261486.8187427125,8,opening_cap,False,0,False,667,0.635569629,8,1030,0.376676,2.098194,148,2.6735118641518056,1,2,venice-52,evidence/small/venice-52-shared_menu-2,small,ftol,248785.17234380785,
